{
  "project_info": {
    "project_number": "25747113753",
    "project_id": "myapp-6de39"
  },
  "client": [
    {
      "client_info": {
        "mobilesdk_app_id": "1:25747113753:android:5ebd41df721e1718",
        "android_client_info": {
          "package_name": "com.example.myApp"
        }
      },
      "oauth_client": [
        {
          "client_id": "25747113753-rqbatgn7hja8tbho5ntpmspfe1usb8ro.apps.googleusercontent.com",
          "client_type": 1,
          "android_info": {
            "package_name": "com.example.myApp",
            "certificate_hash": "d6ac7fd8b5b5e4b13c63b4692a7e71b29c386045"
          }
        },
        {
          "client_id": "25747113753-rlkv9b7tthv0vmq5rc5hs2g7s8k0kh1n.apps.googleusercontent.com",
          "client_type": 3
        }
      ],
      "api_key": [
        {
          "current_key": "AIzaSyBMTaU0c-Fv2_xwaXN55Iy_0mDm9sYFOW8"
        }
      ],
      "services": {
        "analytics_service": {
          "status": 1
        },
        "appinvite_service": {
          "status": 1,
          "other_platform_oauth_client": []
        },
        "ads_service": {
          "status": 1
        }
      }
    }
  ],
  "configuration_version": "1"
}